Country,Year,Month,D6725_4,I6725_5,I6725_6,I6725_7,I6725_8,I6725_9,I6725_10,I6725_11,I6725_12,I6725_13,I6725_14,I6725_15,I6725_16,I6725_17,I6725_18,I6725_19,I6725_20,I6725_21
India,"Financial Year (Apr - Mar), 1998","September, 1998", 11-Sep-1998,323820.0,16025.0,307795.0,40095.0,4319.0,1518.0,,,34193.0,21574.0,12620.0,348352.0,,,,462.0,64.0
India,"Financial Year (Apr - Mar), 1998","September, 1998", 25-Sep-1998,328132.0,16079.0,312053.0,40832.0,4395.0,1570.0,,,34803.0,21939.0,12863.0,353292.0,,,,408.0,64.0
India,"Financial Year (Apr - Mar), 1998","October, 1998", 23-Oct-1998,337170.0,16728.0,320442.0,41929.0,4292.0,1580.0,,,35993.0,22465.0,13528.0,362772.0,,,,400.0,64.0
India,"Financial Year (Apr - Mar), 1998","October, 1998", 9-Oct-1998,334514.0,15949.0,318565.0,41663.0,4476.0,1574.0,,,35549.0,22427.0,13122.0,360666.0,,,,437.0,64.0
India,"Financial Year (Apr - Mar), 1998","November, 1998", 20-Nov-1998,336124.0,16702.0,319421.0,43675.0,4798.0,1656.0,,,37158.0,22971.0,14187.0,363724.0,,,,628.0,64.0
India,"Financial Year (Apr - Mar), 1998","November, 1998", 6-Nov-1998,337176.0,16073.0,321103.0,43150.0,4670.0,1874.0,,,36543.0,22683.0,13860.0,364608.0,,,,355.0,64.0
India,"Financial Year (Apr - Mar), 1998","December, 1998", 18-Dec-1998,338953.0,15987.0,322966.0,43692.0,4481.0,1664.0,,,37483.0,23078.0,14405.0,367286.0,,,,628.0,64.0
India,"Financial Year (Apr - Mar), 1998","December, 1998", 4-Dec-1998,337432.0,16006.0,321427.0,43692.0,4481.0,1664.0,,,37483.0,23078.0,14405.0,365747.0,,,,628.0,64.0
India,"Financial Year (Apr - Mar), 1998","December, 1998", 8-Dec-1998,338953.0,15987.0,322966.0,44116.0,4637.0,1666.0,,,37750.0,22871.0,14878.0,367698.0,,,,616.0,64.0
India,"Financial Year (Apr - Mar), 1998","January, 1999", 1-Jan-1999,344024.0,16101.0,327922.0,45015.0,4952.0,1691.0,,,38308.0,22763.0,15545.0,373522.0,,,,585.0,64.0
India,"Financial Year (Apr - Mar), 1998","January, 1999", 15-Jan-1999,349240.0,16600.0,332639.0,45584.0,4897.0,1707.0,,,38916.0,22960.0,15956.0,378809.0,,,,585.0,64.0
India,"Financial Year (Apr - Mar), 1998","January, 1999", 29-Jan-1999,349829.0,17056.0,332772.0,46693.0,5117.0,1734.0,,,39779.0,23395.0,16384.0,380050.0,,,,585.0,64.0
India,"Financial Year (Apr - Mar), 1998","February, 1999", 12-Feb-1999,349750.0,17113.0,332637.0,46877.0,4894.0,2025.0,,,39894.0,22787.0,17107.0,380099.0,,,,585.0,64.0
India,"Financial Year (Apr - Mar), 1998","February, 1999", 26-Feb-1999,352047.0,17336.0,334711.0,47448.0,4677.0,2231.0,,,40476.0,22898.0,17578.0,382950.0,,,,792.0,64.0
India,"Financial Year (Apr - Mar), 1998","March, 1999", 12-Mar-1999,354742.0,16732.0,338011.0,48072.0,4697.0,2306.0,,,41005.0,23127.0,17879.0,386875.0,,,,792.0,64.0
India,"Financial Year (Apr - Mar), 1998","March, 1999", 26-Mar-1999,366003.0,16816.0,349187.0,47949.0,4033.0,2395.0,,,41458.0,23265.0,18193.0,397929.0,,,,792.0,64.0
India,"Financial Year (Apr - Mar), 1999","April, 1999", 23-Apr-1999,368293.0,18935.0,349358.0,48204.0,4041.0,2395.0,,,41704.0,23497.0,18207.0,398354.0,,,,792.0,64.0
India,"Financial Year (Apr - Mar), 1999","May, 1999", 21-May-1999,368443.0,21797.0,346645.0,49584.0,4554.0,2450.0,,,42516.0,23889.0,18267.0,396686.0,,,,457.0,64.0
India,"Financial Year (Apr - Mar), 1999","May, 1999", 7-May-1999,369051.0,20799.0,348252.0,48942.0,4285.0,2418.0,,,42176.0,23924.0,18252.0,397652.0,,,,457.0,64.0
India,"Financial Year (Apr - Mar), 1999","June, 1999", 18-Jun-1999,366120.0,22221.0,343898.0,50169.0,5098.0,2564.0,,,42443.0,23806.0,18638.0,394471.0,,,,404.0,64.0
India,"Financial Year (Apr - Mar), 1999","June, 1999", 4-Jun-1999,365715.0,22419.0,343296.0,50304.0,4893.0,2469.0,,,42878.0,24070.0,18808.0,394057.0,,,,457.0,64.0
India,"Financial Year (Apr - Mar), 1999","July, 1999", 16-Jul-1999,372715.0,22697.0,350018.0,52030.0,6048.0,2541.0,,,43377.0,24723.0,18654.0,402676.0,,,,629.0,64.0
India,"Financial Year (Apr - Mar), 1999","July, 1999", 2-Jul-1999,369371.0,21990.0,347380.0,51280.0,5914.0,2575.0,,,42727.0,24471.0,18256.0,399289.0,,,,629.0,64.0
India,"Financial Year (Apr - Mar), 1999","July, 1999", 30-Jul-1999,372028.0,22491.0,349537.0,52361.0,6330.0,2552.0,,,43436.0,24773.0,18663.0,402527.0,,,,629.0,44.0
India,"Financial Year (Apr - Mar), 1999","August, 1999", 13-Aug-1999,373244.0,22059.0,351185.0,52888.0,6225.0,2550.0,,,44069.0,24810.0,19259.0,404702.0,,,,629.0,44.0
India,"Financial Year (Apr - Mar), 1999","August, 1999", 27-Aug-1999,374582.0,21688.0,352894.0,53392.0,6426.0,2479.0,,,44444.0,24736.0,19708.0,406868.0,,,,581.0,44.0
India,"Financial Year (Apr - Mar), 1999","September, 1999", 10-Sep-1999,374746.0,20946.0,353800.0,53558.0,6248.0,2455.0,,,44811.0,24957.0,19854.0,407939.0,,,,581.0,44.0
India,"Financial Year (Apr - Mar), 1999","September, 1999", 24-Sep-1999,378394.0,20532.0,357862.0,53391.0,5997.0,2517.0,,,44833.0,25113.0,19720.0,411797.0,,,,544.0,44.0
India,"Financial Year (Apr - Mar), 1999","October, 1999", 22-Oct-1999,391636.0,21404.0,370232.0,55603.0,6461.0,2598.0,,,46500.0,26220.0,20281.0,426379.0,,,,544.0,44.0
India,"Financial Year (Apr - Mar), 1999","October, 1999", 8-Oct-1999,388075.0,21252.0,366823.0,54429.0,6160.0,2489.0,,,45736.0,25844.0,19892.0,421796.0,,,,544.0,44.0
India,"Financial Year (Apr - Mar), 1999","November, 1999", 19-Nov-1999,394048.0,23409.0,370639.0,55449.0,5582.0,2721.0,,,47098.0,26795.0,20303.0,426632.0,,,,544.0,49.0
India,"Financial Year (Apr - Mar), 1999","November, 1999", 5-Nov-1999,393987.0,23179.0,370808.0,55156.0,5747.0,2752.0,,,46607.0,26303.0,20305.0,426508.0,,,,544.0,49.0
India,"Financial Year (Apr - Mar), 1999","December, 1999", 17-Dec-1999,400060.0,24428.0,375632.0,56966.0,5574.0,2731.0,,,48611.0,27646.0,20965.0,433260.0,,,,662.0,49.0
India,"Financial Year (Apr - Mar), 1999","December, 1999", 3-Dec-1999,396204.0,24023.0,372180.0,55897.0,5001.0,2692.0,,,48155.0,27278.0,20877.0,400691.0,,,,473.0,49.0
India,"Financial Year (Apr - Mar), 1999","December, 1999", 31-Dec-1999,410464.0,25598.0,384865.0,57574.0,5782.0,2703.0,,,49041.0,27870.0,21170.0,442902.0,,,,463.0,49.0
India,"Financial Year (Apr - Mar), 1999","January, 2000", 14-Jan-2000,414733.0,25507.0,389226.0,58060.0,6015.0,2781.0,,,49215.0,28015.0,21200.0,447749.0,,,,463.0,49.0
India,"Financial Year (Apr - Mar), 1999","January, 2000", 28-Jan-2000,414553.0,26056.0,388497.0,58447.0,5977.0,2795.0,,,49626.0,28319.0,21307.0,447703.0,,,,758.0,49.0
India,"Financial Year (Apr - Mar), 1999","February, 2000", 11-Feb-2000,418103.0,25961.0,392142.0,59145.0,6159.0,2787.0,,,50149.0,28872.0,21277.0,452044.0,,,,758.0,49.0
India,"Financial Year (Apr - Mar), 1999","February, 2000", 25-Feb-2000,423937.0,25927.0,398010.0,60365.0,6408.0,2788.0,,,51121.0,29281.0,21839.0,458960.0,,,,585.0,49.0
India,"Financial Year (Apr - Mar), 1999","March, 2000", 10-Mar-2000,425392.0,24935.0,400457.0,60701.0,6131.0,2770.0,,,51751.0,30019.0,21732.0,461743.0,,,,585.0,49.0
India,"Financial Year (Apr - Mar), 1999","March, 2000", 24-Mar-2000,434182.0,8875.0,56469.0,61095.0,1137.0,485.0,,,11071.0,6294.0,4778.0,470320.0,,,,735.0,-44.0
India,"Financial Year (Apr - Mar), 2000","May, 2000", 19-May-2000,443035.0,30293.0,412742.0,62874.0,5455.0,2975.0,,,54424.0,32584.0,21840.0,475616.0,,,,,20.0
India,"Financial Year (Apr - Mar), 2000","May, 2000", 5-May-2000,445238.0,29057.0,416181.0,62943.0,5063.0,2969.0,,,54891.0,32487.0,22404.0,479124.0,,,,,20.0
India,"Financial Year (Apr - Mar), 2000","June, 2000", 16-Jun-2000,446912.0,32081.0,414830.0,64446.0,6755.0,2891.0,,,54785.0,32502.0,22284.0,479621.0,,,,345.0,15.0
India,"Financial Year (Apr - Mar), 2000","June, 2000", 2-Jun-2000,444203.0,31636.0,412567.0,63679.0,6177.0,2837.0,,,54650.0,32616.0,22035.0,476591.0,,,,345.0,15.0
India,"Financial Year (Apr - Mar), 2000","June, 2000", 30-Jun-2000,455261.0,33182.0,422079.0,64441.0,6591.0,2965.0,,,54870.0,32732.0,22138.0,486865.0,,,,345.0,15.0
India,"Financial Year (Apr - Mar), 2000","July, 2000", 14-Jul-2000,457181.0,32873.0,424308.0,64053.0,6743.0,2928.0,,,54381.0,32426.0,21955.0,488595.0,,,,235.0,
India,"Financial Year (Apr - Mar), 2000","July, 2000", 28-Jul-2000,457503.0,32808.0,424695.0,64809.0,6910.0,2964.0,,,54920.0,32745.0,22175.0,489739.0,,,,235.0,15.0
India,"Financial Year (Apr - Mar), 2000","August, 2000", 11-Aug-2000,457709.0,31698.0,426012.0,64817.0,6453.0,3005.0,,,55344.0,32769.0,22575.0,491172.0,,,,343.0,15.0
India,"Financial Year (Apr - Mar), 2000","August, 2000", 25-Aug-2000,461769.0,32636.0,429134.0,65249.0,5870.0,3002.0,,,56362.0,33094.0,23268.0,494725.0,,,,343.0,15.0
India,"Financial Year (Apr - Mar), 2000","September, 2000", 22-Sep-2000,466826.0,32090.0,434736.0,63228.0,4695.0,2985.0,,,55533.0,32770.0,22763.0,498544.0,,,,580.0,15.0
India,"Financial Year (Apr - Mar), 2000","September, 2000", 8-Sep-2000,462600.0,32450.0,430150.0,64536.0,5349.0,3009.0,,,56163.0,32921.0,23242.0,495029.0,,,,343.0,15.0
India,"Financial Year (Apr - Mar), 2000","October, 2000", 20-Oct-2000,479478.0,33845.0,445633.0,63586.0,4609.0,3020.0,,,55942.0,33023.0,22918.0,509705.0,,,,486.0,15.0
India,"Financial Year (Apr - Mar), 2000","October, 2000", 6-Oct-2000,475456.0,32884.0,442572.0,63398.0,4672.0,2989.0,,,55722.0,32957.0,22765.0,506362.0,,,,392.0,15.0
India,"Financial Year (Apr - Mar), 2000","November, 2000", 17-Nov-2000,480586.0,35434.0,445152.0,65429.0,5067.0,3266.0,,,57081.0,33544.0,23537.0,511150.0,,,,570.0,15.0
India,"Financial Year (Apr - Mar), 2000","November, 2000", 3-Nov-2000,478359.0,35157.0,443202.0,63829.0,4307.0,3047.0,,,56460.0,33293.0,23167.0,507517.0,,,,486.0,15.0
India,"Financial Year (Apr - Mar), 2000","December, 2000", 1-Dec-2000,480748.0,36917.0,443831.0,65515.0,5409.0,3230.0,,,56861.0,33567.0,23294.0,509916.0,,,,570.0,15.0
India,"Financial Year (Apr - Mar), 2000","December, 2000", 15-Dec-2000,485006.0,36946.0,448059.0,67204.0,6272.0,3171.0,,,57745.0,34513.0,23232.0,515834.0,,,,570.0,16.0
India,"Financial Year (Apr - Mar), 2000","December, 2000", 29-Dec-2000,495247.0,37450.0,457797.0,67214.0,6274.0,3156.0,,,57770.0,34515.0,23254.0,526024.0,,,,1013.0,15.0
India,"Financial Year (Apr - Mar), 2000","January, 2001", 12-Jan-2001,497486.0,38417.0,459069.0,69828.0,7193.0,3186.0,,,59433.0,35261.0,24172.0,529910.0,,,,1013.0,15.0
India,"Financial Year (Apr - Mar), 2000","January, 2001", 26-Jan-2001,499586.0,39078.0,460508.0,70874.0,7216.0,3176.0,,,60467.0,36127.0,24340.0,532395.0,,,,1013.0,15.0
India,"Financial Year (Apr - Mar), 2000","February, 2001", 23-Feb-2001,504621.0,39611.0,465009.0,71739.0,7164.0,3174.0,,,61386.0,36473.0,24914.0,537812.0,,,,1063.0,15.0
India,"Financial Year (Apr - Mar), 2000","February, 2001", 9-Feb-2001,501110.0,39594.0,461516.0,71767.0,7296.0,3196.0,,,61260.0,36509.0,24751.0,534296.0,,,,1013.0,15.0
India,"Financial Year (Apr - Mar), 2000","March, 2001", 23-Mar-2001,509082.0,39991.0,469091.0,75108.0,7407.0,3150.0,,,64536.0,37738.0,26798.0,544867.0,,,,668.0,15.0
India,"Financial Year (Apr - Mar), 2000","March, 2001", 9-Mar-2001,504945.0,39928.0,465017.0,72578.0,7113.0,3187.0,,,62263.0,36817.0,25446.0,538658.0,,,,1063.0,15.0
India,"Financial Year (Apr - Mar), 2001","April, 2001", 20-Apr-2001,519273.0,36107.0,483165.0,75637.0,6638.0,3145.0,,,65838.0,38801.0,27037.0,558802.0,,,,,15.0
India,"Financial Year (Apr - Mar), 2001","May, 2001", 18-May-2001,520329.0,46436.0,473892.0,75615.0,6590.0,3148.0,,,65862.0,38617.0,27245.0,549508.0,,,,,15.0
India,"Financial Year (Apr - Mar), 2001","May, 2001", 4-May-2001,517560.0,43097.0,474463.0,75323.0,6459.0,3117.0,,,65732.0,38645.0,27087.0,549786.0,,,,,15.0
India,"Financial Year (Apr - Mar), 2001","June, 2001", 1-Jun-2001,515693.0,48731.0,466962.0,75390.0,6512.0,3171.0,,,65692.0,38466.0,27227.0,543365.0,,,,1013.0,15.0
India,"Financial Year (Apr - Mar), 2001","June, 2001", 15-Jun-2001,516665.0,48798.0,467867.0,76013.0,6719.0,3162.0,,,66116.0,38643.0,27473.0,544892.0,,,,1013.0,15.0
India,"Financial Year (Apr - Mar), 2001","June, 2001", 29-Jun-2001,518657.0,50340.0,468317.0,76400.0,6734.0,3141.0,,,66511.0,38795.0,27716.0,545730.0,,,,1013.0,15.0
India,"Financial Year (Apr - Mar), 2001","July, 2001", 13-Jul-2001,523047.0,50778.0,472269.0,77149.0,7459.0,3174.0,,,66502.0,39171.0,27330.0,550431.0,,,,1013.0,15.0
India,"Financial Year (Apr - Mar), 2001","July, 2001", 27-Jul-2001,524184.0,51027.0,473157.0,76125.0,6479.0,3178.0,,,66453.0,39135.0,27318.0,549998.0,,,,716.0,15.0
India,"Financial Year (Apr - Mar), 2001","August, 2001", 10-Aug-2001,526703.0,51184.0,475519.0,75188.0,5652.0,3188.0,,,66334.0,39381.0,26952.0,551407.0,,,,700.0,15.0
India,"Financial Year (Apr - Mar), 2001","August, 2001", 24-Aug-2001,527818.0,50637.0,477180.0,75044.0,5689.0,3223.0,,,66116.0,38978.0,27139.0,552924.0,,,,700.0,15.0
India,"Financial Year (Apr - Mar), 2001","September, 2001", 21-Sep-2001,529355.0,48261.0,481094.0,77633.0,7426.0,5741.0,1624.0,4117.0,64466.0,39020.0,25446.0,559607.0,,,,880.0,
India,"Financial Year (Apr - Mar), 2001","September, 2001", 7-Sep-2001,527634.0,50069.0,477565.0,76974.0,7057.0,5792.0,1653.0,4139.0,64125.0,38588.0,25538.0,555419.0,,,,880.0,
India,"Financial Year (Apr - Mar), 2001","October, 2001", 19-Oct-2001,544125.0,50280.0,493845.0,79031.0,7663.0,5782.0,1582.0,4200.0,65587.0,38043.0,27544.0,574247.0,,,,1370.0,
India,"Financial Year (Apr - Mar), 2001","October, 2001", 5-Oct-2001,542538.0,50202.0,492337.0,78821.0,7657.0,5788.0,1625.0,4162.0,65376.0,39285.0,26091.0,572527.0,,,,1370.0,
India,"Financial Year (Apr - Mar), 2001","November, 2001", 16-Nov-2001,548632.0,51237.0,497395.0,79057.0,8339.0,5820.0,1604.0,4216.0,64898.0,37563.0,27335.0,577822.0,,,,1370.0,
India,"Financial Year (Apr - Mar), 2001","November, 2001", 2-Nov-2001,545934.0,52075.0,493859.0,79130.0,8052.0,5815.0,1607.0,4208.0,65263.0,37975.0,27288.0,574358.0,,,,1370.0,
India,"Financial Year (Apr - Mar), 2001","November, 2001", 30-Nov-2001,549040.0,51730.0,497310.0,79334.0,8791.0,5736.0,1553.0,4183.0,64808.0,38088.0,26720.0,578557.0,,,,1912.0,
India,"Financial Year (Apr - Mar), 2001","December, 2001", 14-Dec-2001,548690.0,51763.0,496926.0,79758.0,8714.0,5746.0,1602.0,4144.0,65298.0,38647.0,26651.0,578596.0,,,,1912.0,
India,"Financial Year (Apr - Mar), 2001","December, 2001", 28-Dec-2001,558599.0,52276.0,506323.0,78851.0,8612.0,5778.0,1612.0,4166.0,64461.0,37389.0,27072.0,586713.0,,,,1539.0,
India,"Financial Year (Apr - Mar), 2001","January, 2002", 11-Jan-2002,565818.0,53195.0,512623.0,78573.0,8609.0,5751.0,1616.0,4136.0,64212.0,37495.0,26717.0,592735.0,,,,1539.0,
India,"Financial Year (Apr - Mar), 2001","January, 2002", 25-Jan-2002,568824.0,54680.0,514144.0,78344.0,8811.0,5734.0,1617.0,4117.0,63799.0,37639.0,26160.0,594151.0,,,,1663.0,
India,"Financial Year (Apr - Mar), 2001","February, 2002", 22-Feb-2002,571343.0,53562.0,517781.0,78462.0,8907.0,5762.0,1627.0,4135.0,63792.0,37919.0,25873.0,597494.0,,,,1251.0,
India,"Financial Year (Apr - Mar), 2001","February, 2002", 8-Feb-2002,570090.0,54981.0,515109.0,78466.0,9022.0,5782.0,1620.0,4162.0,63662.0,37294.0,26368.0,595238.0,,,,1663.0,
India,"Financial Year (Apr - Mar), 2001","March, 2002", 22-Mar-2002,585832.0,53978.0,531854.0,81057.0,8651.0,5903.0,1580.0,4323.0,66503.0,39521.0,26982.0,614162.0,,,,1251.0,
India,"Financial Year (Apr - Mar), 2001","March, 2002", 8-Mar-2002,574571.0,53904.0,520666.0,79028.0,8886.0,5694.0,1565.0,4128.0,64448.0,37960.0,26488.0,600945.0,,,,1251.0,
India,"Financial Year (Apr - Mar), 2002","April, 2002", 19-Apr-2002,597640.0,52484.0,545157.0,80212.0,7665.0,5768.0,1532.0,4235.0,66779.0,40113.0,26666.0,625368.0,,,,,
India,"Financial Year (Apr - Mar), 2002","May, 2002", 17-May-2002,642195.0,58793.0,583402.0,87126.0,7377.0,7736.0,1507.0,6229.0,72013.0,39028.0,32985.0,670527.0,,,,,
India,"Financial Year (Apr - Mar), 2002","May, 2002", 3-May-2002,634310.0,57000.0,577310.0,79171.0,7867.0,5755.0,1531.0,4224.0,65550.0,39497.0,26053.0,656481.0,,,,,
India,"Financial Year (Apr - Mar), 2002","May, 2002", 31-May-2002,644036.0,60669.0,583367.0,89538.0,6657.0,9543.0,1546.0,7997.0,73339.0,40263.0,33075.0,672905.0,,,,,
India,"Financial Year (Apr - Mar), 2002","June, 2002", 14-Jun-2002,643884.0,60446.0,583438.0,87943.0,7138.0,9642.0,1532.0,8110.0,71163.0,38793.0,32369.0,671844.0,,,,463.0,
India,"Financial Year (Apr - Mar), 2002","June, 2002", 28-Jun-2002,648050.0,61008.0,587043.0,87753.0,7235.0,9327.0,1521.0,7807.0,71191.0,38848.0,32343.0,675259.0,,,,463.0,
India,"Financial Year (Apr - Mar), 2002","July, 2002", 12-Jul-2002,650613.0,59463.0,591150.0,86844.0,7224.0,9331.0,1717.0,7614.0,70289.0,38724.0,31566.0,678457.0,,,,463.0,
India,"Financial Year (Apr - Mar), 2002","July, 2002", 26-Jul-2002,653493.0,59077.0,594415.0,86274.0,7123.0,9181.0,1496.0,7685.0,69970.0,38711.0,31259.0,681152.0,,,,463.0,
India,"Financial Year (Apr - Mar), 2002","August, 2002", 23-Aug-2002,652520.0,56400.0,596119.0,87816.0,7320.0,9046.0,1459.0,7587.0,71450.0,39648.0,31801.0,684398.0,,,,463.0,
India,"Financial Year (Apr - Mar), 2002","August, 2002", 9-Aug-2002,653454.0,58853.0,594601.0,86227.0,7124.0,9107.0,1453.0,7653.0,69997.0,38483.0,31514.0,681291.0,,,,463.0,
India,"Financial Year (Apr - Mar), 2002","September, 2002", 20-Sep-2002,661731.0,53362.0,608368.0,87560.0,7710.0,8979.0,1460.0,7519.0,70871.0,39882.0,30989.0,696629.0,,,,701.0,
India,"Financial Year (Apr - Mar), 2002","September, 2002", 6-Sep-2002,658239.0,56178.0,602062.0,87486.0,7504.0,9066.0,1456.0,7610.0,70915.0,39758.0,31157.0,690010.0,,,,463.0,
India,"Financial Year (Apr - Mar), 2002","October, 2002", 18-Oct-2002,673533.0,52705.0,620829.0,87654.0,7385.0,8988.0,1473.0,7515.0,71281.0,39853.0,31428.0,708824.0,,,,341.0,
India,"Financial Year (Apr - Mar), 2002","October, 2002", 4-Oct-2002,673112.0,53226.0,619886.0,87763.0,7645.0,9040.0,1462.0,7578.0,71078.0,40007.0,31071.0,707990.0,,,,341.0,
India,"Financial Year (Apr - Mar), 2002","November, 2002", 1-Nov-2002,679885.0,55413.0,624471.0,89518.0,7174.0,8976.0,1452.0,7524.0,73368.0,41579.0,31790.0,714331.0,,,,341.0,
India,"Financial Year (Apr - Mar), 2002","November, 2002", 15-Nov-2002,681248.0,54204.0,627044.0,89833.0,6828.0,9034.0,1457.0,7576.0,73971.0,42680.0,31292.0,717218.0,,,,341.0,
India,"Financial Year (Apr - Mar), 2002","November, 2002", 29-Nov-2002,682390.0,54346.0,628043.0,89932.0,5897.0,8977.0,1468.0,7509.0,75058.0,43819.0,31239.0,718317.0,,,,341.0,
India,"Financial Year (Apr - Mar), 2002","December, 2002", 13-Dec-2002,684042.0,52227.0,631815.0,90616.0,5829.0,8966.0,1559.0,7407.0,75821.0,44987.0,30834.0,722772.0,,,,341.0,
India,"Financial Year (Apr - Mar), 2002","December, 2002", 27-Dec-2002,688934.0,51947.0,636988.0,90892.0,5731.0,8940.0,1490.0,7450.0,76221.0,45370.0,30852.0,728211.0,,,,332.0,
India,"Financial Year (Apr - Mar), 2002","January, 2003", 10-Jan-2003,691640.0,50142.0,641498.0,91360.0,5735.0,8970.0,1492.0,7477.0,76655.0,45089.0,31566.0,733190.0,,,,332.0,
India,"Financial Year (Apr - Mar), 2002","January, 2003", 24-Jan-2003,696551.0,49784.0,646767.0,92117.0,5477.0,8932.0,1489.0,7443.0,77708.0,45832.0,31875.0,739346.0,,,,462.0,
India,"Financial Year (Apr - Mar), 2002","February, 2003", 21-Feb-2003,708263.0,50227.0,658036.0,93007.0,5445.0,8842.0,1458.0,7384.0,78721.0,46638.0,32083.0,751506.0,,,,462.0,
India,"Financial Year (Apr - Mar), 2002","February, 2003", 7-Feb-2003,703859.0,50432.0,653427.0,91833.0,5495.0,9035.0,1471.0,7564.0,77303.0,45781.0,31522.0,745722.0,,,,462.0,
India,"Financial Year (Apr - Mar), 2002","March, 2003", 21-Mar-2003,725368.0,49479.0,675888.0,93036.0,4258.0,9017.0,1431.0,7586.0,79760.0,46633.0,33127.0,769219.0,,,,295.0,
India,"Financial Year (Apr - Mar), 2002","March, 2003", 7-Mar-2003,714622.0,49716.0,664906.0,93762.0,5075.0,9526.0,1816.0,7709.0,79161.0,46962.0,32200.0,759123.0,,,,455.0,
India,"Financial Year (Apr - Mar), 2003","April, 2003", 18-Apr-2003,732872.0,44589.0,688283.0,89349.0,3565.0,8832.0,1422.0,7410.0,76952.0,45509.0,31443.0,777631.0,,,,,
India,"Financial Year (Apr - Mar), 2003","May, 2003", 16-May-2003,731140.0,49277.0,681863.0,87349.0,3363.0,9073.0,1443.0,7631.0,74913.0,45991.0,28922.0,769212.0,,,,,
India,"Financial Year (Apr - Mar), 2003","May, 2003", 2-May-2003,731259.0,49922.0,681337.0,88307.0,3514.0,9057.0,1446.0,7611.0,75737.0,45894.0,29842.0,769644.0,,,,,
India,"Financial Year (Apr - Mar), 2003","May, 2003", 30-May-2003,730653.0,51047.0,679606.0,88503.0,3559.0,9053.0,1395.0,7658.0,75891.0,46192.0,29699.0,768110.0,,,,,
India,"Financial Year (Apr - Mar), 2003","June, 2003", 13-Jun-2003,730130.0,50565.0,679565.0,87691.0,3496.0,8915.0,1365.0,7550.0,75279.0,45638.0,29642.0,767589.0,,,,334.0,
India,"Financial Year (Apr - Mar), 2003","June, 2003", 27-Jun-2003,732817.0,50066.0,682751.0,87950.0,3626.0,8896.0,1426.0,7470.0,75428.0,45729.0,29699.0,771035.0,,,,334.0,
India,"Financial Year (Apr - Mar), 2003","July, 2003", 11-Jul-2003,725574.0,43588.0,681986.0,88837.0,3524.0,8735.0,1367.0,7368.0,76577.0,46583.0,29995.0,771216.0,,,,393.0,
India,"Financial Year (Apr - Mar), 2003","July, 2003", 25-Jul-2003,727401.0,43277.0,684124.0,88905.0,3544.0,8878.0,1370.0,7508.0,76484.0,46164.0,30320.0,773423.0,,,,393.0,
India,"Financial Year (Apr - Mar), 2003","August, 2003", 22-Aug-2003,727244.0,41283.0,685962.0,88628.0,3715.0,8604.0,1349.0,7255.0,76310.0,46312.0,29998.0,774983.0,,,,393.0,
India,"Financial Year (Apr - Mar), 2003","August, 2003", 8-Aug-2003,728675.0,43251.0,685424.0,88390.0,3697.0,8655.0,1387.0,7267.0,76039.0,46078.0,29961.0,774207.0,,,,393.0,
India,"Financial Year (Apr - Mar), 2003","September, 2003", 19-Sep-2003,735546.0,37465.0,698081.0,90221.0,3928.0,9016.0,1295.0,7720.0,77278.0,46850.0,30428.0,788996.0,,,,693.0,
India,"Financial Year (Apr - Mar), 2003","September, 2003", 5-Sep-2003,732904.0,41606.0,691298.0,89841.0,3894.0,8624.0,1318.0,7306.0,77322.0,46736.0,30587.0,781831.0,,,,693.0,
India,"Financial Year (Apr - Mar), 2003","October, 2003", 17-Oct-2003,752411.0,34151.0,718260.0,91351.0,4582.0,8737.0,1323.0,7414.0,78033.0,47614.0,30419.0,810255.0,,,,644.0,
India,"Financial Year (Apr - Mar), 2003","October, 2003", 3-Oct-2003,752068.0,37372.0,714696.0,90871.0,4068.0,9081.0,1356.0,7725.0,77722.0,47561.0,30162.0,806211.0,,,,644.0,
India,"Financial Year (Apr - Mar), 2003","October, 2003", 31-Oct-2003,761210.0,36020.0,725189.0,90422.0,4093.0,8614.0,1294.0,7320.0,77715.0,47778.0,29937.0,816255.0,,,,644.0,
India,"Financial Year (Apr - Mar), 2003","November, 2003", 14-Nov-2003,761926.0,35439.0,726487.0,90974.0,4270.0,8577.0,1292.0,7285.0,78126.0,47924.0,30202.0,817815.0,,,,354.0,
India,"Financial Year (Apr - Mar), 2003","November, 2003", 28-Nov-2003,766636.0,36461.0,730175.0,90214.0,3844.0,8585.0,1306.0,7279.0,77786.0,47764.0,30022.0,820743.0,,,,354.0,
India,"Financial Year (Apr - Mar), 2003","December, 2003", 12-Dec-2003,770368.0,35507.0,734861.0,90094.0,4000.0,8616.0,1298.0,7319.0,77478.0,48007.0,29471.0,825310.0,,,,354.0,
India,"Financial Year (Apr - Mar), 2003","December, 2003", 26-Dec-2003,780572.0,36352.0,744220.0,89409.0,4103.0,8604.0,1314.0,7290.0,76702.0,47692.0,29010.0,834058.0,,,,429.0,
India,"Financial Year (Apr - Mar), 2003","January, 2004", 23-Jan-2004,795350.0,36686.0,758664.0,88214.0,4336.0,8570.0,1209.0,7361.0,75309.0,47200.0,28109.0,847348.0,,,,469.0,
India,"Financial Year (Apr - Mar), 2003","January, 2004", 9-Jan-2004,791989.0,36536.0,755453.0,89477.0,4378.0,8540.0,1257.0,7284.0,76558.0,47792.0,28766.0,845399.0,,,,469.0,
India,"Financial Year (Apr - Mar), 2003","February, 2004", 20-Feb-2004,810965.0,35268.0,775697.0,87774.0,4210.0,8641.0,1274.0,7366.0,74923.0,46837.0,28086.0,864262.0,,,,791.0,
India,"Financial Year (Apr - Mar), 2003","February, 2004", 6-Feb-2004,806180.0,36468.0,769711.0,88277.0,4349.0,8656.0,1241.0,7415.0,75272.0,47093.0,28179.0,858458.0,,,,469.0,
India,"Financial Year (Apr - Mar), 2003","March, 2004", 19-Mar-2004,835382.0,35961.0,799420.0,89049.0,3924.0,8652.0,1276.0,7376.0,76473.0,48586.0,27886.0,889703.0,,,,1234.0,
India,"Financial Year (Apr - Mar), 2003","March, 2004", 5-Mar-2004,819128.0,35858.0,783270.0,87425.0,4232.0,8622.0,1227.0,7395.0,74571.0,47091.0,27480.0,871487.0,,,,791.0,
India,"Financial Year (Apr - Mar), 2004","April, 2004", 16-Apr-2004,865221.0,38326.0,826895.0,88808.0,3208.0,9356.0,1934.0,7422.0,76244.0,48079.0,28165.0,916937.0,,,,1234.0,
India,"Financial Year (Apr - Mar), 2004","April, 2004", 30-Apr-2004,865080.0,42998.0,822083.0,87282.0,2946.0,9509.0,2029.0,7480.0,74826.0,47692.0,27134.0,909365.0,,,,,
India,"Financial Year (Apr - Mar), 2004","May, 2004", 14-May-2004,864397.0,42232.0,822165.0,87913.0,3162.0,9611.0,1916.0,7695.0,75139.0,47258.0,27881.0,910408.0,,,,330.0,
India,"Financial Year (Apr - Mar), 2004","May, 2004", 28-May-2004,864705.0,43512.0,821193.0,87030.0,2796.0,9713.0,2041.0,7672.0,74521.0,47408.0,27113.0,908553.0,,,,330.0,
India,"Financial Year (Apr - Mar), 2004","June, 2004", 11-Jun-2004,867234.0,43161.0,824073.0,86343.0,2808.0,9362.0,1589.0,7773.0,74173.0,47511.0,26662.0,910786.0,,,,370.0,
India,"Financial Year (Apr - Mar), 2004","June, 2004", 25-Jun-2004,877408.0,43061.0,834347.0,86609.0,3073.0,9614.0,1607.0,8008.0,73921.0,47354.0,26567.0,921325.0,,,,370.0,
India,"Financial Year (Apr - Mar), 2004","July, 2004", 23-Jul-2004,883279.0,42561.0,840718.0,86280.0,3215.0,9593.0,1700.0,7893.0,73472.0,46426.0,27045.0,927367.0,,,,370.0,
India,"Financial Year (Apr - Mar), 2004","July, 2004", 9-Jul-2004,882312.0,43457.0,838854.0,86939.0,3073.0,9533.0,1618.0,7916.0,74332.0,47065.0,27268.0,926164.0,,,,370.0,
India,"Financial Year (Apr - Mar), 2004","August, 2004", 20-Aug-2004,902970.0,39926.0,863043.0,86695.0,3642.0,9381.0,1576.0,7805.0,73673.0,45751.0,27922.0,950108.0,,,,370.0,
India,"Financial Year (Apr - Mar), 2004","August, 2004", 6-Aug-2004,892228.0,42442.0,849786.0,86200.0,3374.0,9462.0,1645.0,7817.0,73364.0,45992.0,27372.0,936355.0,,,,370.0,
India,"Financial Year (Apr - Mar), 2004","September, 2004", 17-Sep-2004,919250.0,38189.0,881060.0,85639.0,3474.0,9429.0,1619.0,7810.0,72736.0,44774.0,27962.0,966699.0,,,,,
India,"Financial Year (Apr - Mar), 2004","September, 2004", 3-Sep-2004,911439.0,39857.0,871583.0,86837.0,3784.0,9404.0,1592.0,7812.0,73650.0,45483.0,28166.0,958420.0,,,,,
India,"Financial Year (Apr - Mar), 2004","October, 2004", 1-Oct-2004,935905.0,38638.0,897267.0,85065.0,3540.0,9315.0,1600.0,7714.0,72211.0,44298.0,27913.0,982332.0,,,,,
India,"Financial Year (Apr - Mar), 2004","October, 2004", 15-Oct-2004,971018.0,35959.0,935058.0,85035.0,3368.0,9143.0,1461.0,7682.0,72523.0,45150.0,27373.0,1020094.0,,,,,
India,"Financial Year (Apr - Mar), 2004","October, 2004", 29-Oct-2004,988276.0,39712.0,948565.0,91915.0,3512.0,11853.0,1526.0,10327.0,76550.0,46137.0,30412.0,1040479.0,,,,,
India,"Financial Year (Apr - Mar), 2004","November, 2004", 12-Nov-2004,995517.0,41228.0,954289.0,93251.0,3982.0,12040.0,1707.0,10332.0,77230.0,45307.0,31923.0,1047540.0,,,,,
India,"Financial Year (Apr - Mar), 2004","November, 2004", 26-Nov-2004,1006309.0,42380.0,963929.0,92921.0,3824.0,12105.0,1793.0,10312.0,76991.0,44675.0,32316.0,1056850.0,,,,,
India,"Financial Year (Apr - Mar), 2004","December, 2004", 10-Dec-2004,1013366.0,43193.0,970173.0,91849.0,3811.0,11743.0,1707.0,10036.0,76295.0,43901.0,32394.0,1062022.0,,,,,
India,"Financial Year (Apr - Mar), 2004","December, 2004", 24-Dec-2004,1027009.0,43779.0,983229.0,91335.0,3796.0,11937.0,1600.0,10336.0,75602.0,43757.0,31845.0,1074564.0,,,,,
India,"Financial Year (Apr - Mar), 2004","January, 2005", 21-Jan-2005,1040940.0,41429.0,999512.0,89821.0,3703.0,11851.0,1708.0,10144.0,74267.0,42181.0,32086.0,1089933.0,,,,600.0,
India,"Financial Year (Apr - Mar), 2004","January, 2005", 7-Jan-2005,1037234.0,45059.0,992175.0,91332.0,3893.0,12000.0,1683.0,10318.0,75439.0,43824.0,31615.0,1083507.0,,,,,
India,"Financial Year (Apr - Mar), 2004","February, 2005", 18-Feb-2005,1056210.0,41482.0,1014728.0,87876.0,3357.0,11771.0,1684.0,10087.0,72747.0,40873.0,31874.0,1103203.0,,,,600.0,
India,"Financial Year (Apr - Mar), 2004","February, 2005", 4-Feb-2005,1050749.0,42948.0,1007801.0,89088.0,3249.0,11932.0,1724.0,10208.0,73907.0,41658.0,32249.0,1097489.0,,,,600.0,
India,"Financial Year (Apr - Mar), 2004","March, 2005", 18-Mar-2005,1092091.0,41121.0,1050970.0,93311.0,3901.0,11844.0,1598.0,10245.0,77566.0,45646.0,31920.0,1144881.0,,,,600.0,
India,"Financial Year (Apr - Mar), 2004","March, 2005", 4-Mar-2005,1069673.0,41440.0,1028233.0,88434.0,3336.0,11936.0,1675.0,10261.0,73162.0,40059.0,33103.0,1117267.0,,,,600.0,
India,"Financial Year (Apr - Mar), 2005","April, 2005", 15-Apr-2005,1132274.0,36847.0,1095428.0,93592.0,3787.0,11903.0,1764.0,10139.0,77902.0,46612.0,31290.0,1189020.0,,,,,
India,"Financial Year (Apr - Mar), 2005","April, 2005", 29-Apr-2005,1127433.0,41765.0,1085669.0,93604.0,3739.0,12030.0,1759.0,10271.0,77835.0,46886.0,30949.0,1179273.0,,,,,
India,"Financial Year (Apr - Mar), 2005","May, 2005", 13-May-2005,1137132.0,44371.0,1092760.0,93220.0,3721.0,12216.0,1780.0,10436.0,77283.0,47439.0,29844.0,1185981.0,,,,,
India,"Financial Year (Apr - Mar), 2005","May, 2005", 27-May-2005,1144051.0,45727.0,1098324.0,91914.0,3235.0,12492.0,1893.0,10599.0,76187.0,46914.0,29273.0,1190238.0,,,,,
India,"Financial Year (Apr - Mar), 2005","June, 2005", 10-Jun-2005,1150189.0,45749.0,1104441.0,90835.0,3083.0,12561.0,1960.0,10602.0,75191.0,46405.0,28786.0,1195276.0,,,,,
India,"Financial Year (Apr - Mar), 2005","June, 2005", 24-Jun-2005,1161387.0,44804.0,1116583.0,90177.0,3029.0,12489.0,1996.0,10493.0,74659.0,45715.0,28945.0,1207515.0,,,,755.0,
India,"Financial Year (Apr - Mar), 2005","July, 2005", 22-Jul-2005,1179910.0,39657.0,1140252.0,90155.0,3828.0,12152.0,1874.0,10277.0,74174.0,45024.0,29151.0,1231162.0,,,,755.0,
India,"Financial Year (Apr - Mar), 2005","July, 2005", 8-Jul-2005,1173221.0,44817.0,1128404.0,90487.0,3196.0,12358.0,1911.0,10447.0,74933.0,45663.0,29270.0,1219646.0,,,,755.0,
India,"Financial Year (Apr - Mar), 2005","August, 2005", 19-Aug-2005,1200948.0,40327.0,1160621.0,87765.0,3674.0,12100.0,1809.0,10291.0,71991.0,43057.0,28933.0,1249141.0,,,,755.0,
India,"Financial Year (Apr - Mar), 2005","August, 2005", 5-Aug-2005,1185456.0,40240.0,1145216.0,90881.0,3664.0,12266.0,1855.0,10410.0,74951.0,45060.0,29892.0,1236852.0,,,,755.0,
India,"Financial Year (Apr - Mar), 2005","September, 2005", 16-Sep-2005,1223857.0,40248.0,1183609.0,87201.0,3751.0,12123.0,1717.0,10406.0,71328.0,41926.0,29402.0,1271565.0,,,,755.0,
India,"Financial Year (Apr - Mar), 2005","September, 2005", 2-Sep-2005,1210750.0,40071.0,1170678.0,87039.0,3853.0,11978.0,1840.0,10138.0,71208.0,42175.0,29034.0,1258472.0,,,,755.0,
India,"Financial Year (Apr - Mar), 2005","September, 2005", 30-Sep-2005,1256141.0,39549.0,1216591.0,82268.0,4090.0,11611.0,1653.0,9958.0,66567.0,38272.0,28295.0,1299614.0,,,,755.0,
India,"Financial Year (Apr - Mar), 2005","October, 2005", 14-Oct-2005,1274268.0,37208.0,1237060.0,82268.0,4090.0,11611.0,1653.0,9958.0,66567.0,38272.0,28295.0,1320083.0,,,,755.0,
India,"Financial Year (Apr - Mar), 2005","October, 2005", 28-Oct-2005,1284400.0,39805.0,1244595.0,82632.0,4286.0,11734.0,1695.0,10039.0,66612.0,37877.0,28735.0,1327982.0,,,,755.0,
India,"Financial Year (Apr - Mar), 2005","November, 2005", 11-Nov-2005,1300232.0,41233.0,1258999.0,81671.0,4354.0,11878.0,1710.0,10169.0,65439.0,36529.0,28910.0,1341425.0,,,,755.0,
India,"Financial Year (Apr - Mar), 2005","November, 2005", 25-Nov-2005,1305860.0,42455.0,1263405.0,80011.0,4077.0,11826.0,1726.0,10100.0,64108.0,35309.0,28798.0,1344171.0,,,,755.0,
India,"Financial Year (Apr - Mar), 2005","December, 2005", 23-Dec-2005,1336098.0,41013.0,1295085.0,77200.0,3664.0,11641.0,1620.0,10022.0,61895.0,33896.0,27999.0,1373041.0,,,,755.0,
India,"Financial Year (Apr - Mar), 2005","December, 2005", 9-Dec-2005,1320808.0,43599.0,1277209.0,79285.0,4227.0,11783.0,1653.0,10130.0,63274.0,34442.0,28832.0,1357249.0,,,,755.0,
India,"Financial Year (Apr - Mar), 2005","January, 2006", 20-Jan-2006,1364508.0,38343.0,1326165.0,78836.0,3861.0,12261.0,1653.0,10608.0,62714.0,33800.0,28914.0,1405755.0,,,,755.0,
India,"Financial Year (Apr - Mar), 2005","January, 2006", 6-Jan-2006,1356869.0,43099.0,1313770.0,78426.0,3900.0,12218.0,1647.0,10571.0,62308.0,33892.0,28416.0,1392951.0,,,,755.0,
India,"Financial Year (Apr - Mar), 2005","February, 2006", 17-Feb-2006,1399040.0,40529.0,1358511.0,80881.0,3321.0,13486.0,1761.0,11725.0,64073.0,33416.0,30658.0,1440147.0,,,,755.0,
India,"Financial Year (Apr - Mar), 2005","February, 2006", 3-Feb-2006,1382501.0,39952.0,1342549.0,79504.0,3562.0,13185.0,1772.0,11412.0,62757.0,33417.0,29340.0,1422808.0,,,,755.0,
India,"Financial Year (Apr - Mar), 2005","March, 2006", 17-Mar-2006,1442591.0,41825.0,1400766.0,80497.0,3869.0,13195.0,1967.0,11229.0,63433.0,32912.0,30520.0,1482018.0,,,,755.0,
India,"Financial Year (Apr - Mar), 2005","March, 2006", 3-Mar-2006,1419884.0,41448.0,1378436.0,79955.0,3312.0,13258.0,1928.0,11330.0,63386.0,32904.0,30482.0,1459147.0,,,,755.0,
India,"Financial Year (Apr - Mar), 2005","March, 2006", 31-Mar-2006,1496474.0,40691.0,1455783.0,81072.0,4821.0,12802.0,1884.0,10918.0,63449.0,32574.0,30875.0,1537610.0,,,,755.0,
India,"Financial Year (Apr - Mar), 2006","April, 2006", 28-Apr-2006,1487171.0,37258.0,1449913.0,80176.0,4329.0,13897.0,1975.0,11923.0,61950.0,32463.0,29487.0,1530089.0,,,,,
India,"Financial Year (Apr - Mar), 2006","May, 2006", 12-May-2006,1487631.0,38474.0,1449157.0,80636.0,4760.0,14856.0,2073.0,12783.0,61020.0,32286.0,28734.0,1529793.0,,,,,
India,"Financial Year (Apr - Mar), 2006","May, 2006", 26-May-2006,1493115.0,39062.0,1454052.0,79422.0,4329.0,15660.0,2246.0,13414.0,59433.0,31592.0,27841.0,1533475.0,,,,,
India,"Financial Year (Apr - Mar), 2006","June, 2006", 23-Jun-2006,1523168.0,41298.0,1481870.0,81428.0,5860.0,16698.0,2346.0,14352.0,58870.0,31574.0,27296.0,1563298.0,,,,,
India,"Financial Year (Apr - Mar), 2006","June, 2006", 9-Jun-2006,1510567.0,40546.0,1470021.0,80364.0,3898.0,17162.0,2477.0,14685.0,59304.0,32166.0,27138.0,1550384.0,,,,,
India,"Financial Year (Apr - Mar), 2006","July, 2006", 21-Jul-2006,1549585.0,36056.0,1513529.0,80539.0,7051.0,16679.0,2294.0,14385.0,56810.0,30887.0,25922.0,1594068.0,,,,,
India,"Financial Year (Apr - Mar), 2006","July, 2006", 7-Jul-2006,1541990.0,37854.0,1504135.0,80399.0,6240.0,16786.0,2393.0,14393.0,57372.0,31030.0,26343.0,1584534.0,,,,,
India,"Financial Year (Apr - Mar), 2006","August, 2006", 18-Aug-2006,1576145.0,36535.0,1539611.0,79412.0,6752.0,16513.0,2200.0,14314.0,56147.0,30512.0,25635.0,1619023.0,,,,,
India,"Financial Year (Apr - Mar), 2006","August, 2006", 4-Aug-2006,1561418.0,36288.0,1525130.0,79304.0,6372.0,16725.0,2283.0,14442.0,56207.0,30461.0,25746.0,1604434.0,,,,,
India,"Financial Year (Apr - Mar), 2006","September, 2006", 1-Sep-2006,1592628.0,36529.0,1556100.0,78550.0,6362.0,16288.0,2122.0,14167.0,55900.0,30341.0,25560.0,1634650.0,,,,,
India,"Financial Year (Apr - Mar), 2006","September, 2006", 15-Sep-2006,1607518.0,36396.0,1571122.0,78308.0,6490.0,16359.0,2136.0,14223.0,55459.0,30097.0,25363.0,1649430.0,,,,,
India,"Financial Year (Apr - Mar), 2006","September, 2006", 29-Sep-2006,1654734.0,33458.0,1621276.0,78721.0,6370.0,16496.0,2140.0,14356.0,55855.0,29988.0,25867.0,1699997.0,,,,,
India,"Financial Year (Apr - Mar), 2006","October, 2006", 13-Oct-2006,1643720.0,33445.0,1610275.0,80642.0,7211.0,16107.0,2117.0,13990.0,57324.0,30627.0,26697.0,1690917.0,,,,,
India,"Financial Year (Apr - Mar), 2006","October, 2006", 27-Oct-2006,1655567.0,36633.0,1618934.0,80931.0,7083.0,16369.0,2123.0,14246.0,57478.0,30777.0,26701.0,1699865.0,,,,,
India,"Financial Year (Apr - Mar), 2006","November, 2006", 10-Nov-2006,1671093.0,37657.0,1633435.0,81721.0,8234.0,16187.0,2066.0,14121.0,57300.0,31302.0,25998.0,1715156.0,,,,,
India,"Financial Year (Apr - Mar), 2006","November, 2006", 24-Nov-2006,1683730.0,38680.0,1645050.0,81136.0,7856.0,16202.0,2061.0,14141.0,57078.0,31071.0,26007.0,1726186.0,,,,,
India,"Financial Year (Apr - Mar), 2006","December, 2006", 22-Dec-2006,1733679.0,41629.0,1692050.0,80785.0,7432.0,16781.0,2076.0,14705.0,56572.0,30881.0,25692.0,1772835.0,,,,,
India,"Financial Year (Apr - Mar), 2006","December, 2006", 8-Dec-2006,1709498.0,40366.0,1669132.0,82243.0,7986.0,16541.0,2092.0,14450.0,57716.0,31346.0,26370.0,1751375.0,,,,,
India,"Financial Year (Apr - Mar), 2006","January, 2007", 19-Jan-2007,1766491.0,41210.0,1725281.0,79949.0,6947.0,17007.0,2094.0,14913.0,55995.0,30157.0,25838.0,1805229.0,,,,,
India,"Financial Year (Apr - Mar), 2006","January, 2007", 5-Jan-2007,1757479.0,43083.0,1714396.0,80189.0,7275.0,17162.0,2186.0,14976.0,55753.0,30584.0,25168.0,1794585.0,,,,,
India,"Financial Year (Apr - Mar), 2006","February, 2007", 16-Feb-2007,1813325.0,43999.0,1769326.0,78291.0,6237.0,17640.0,2115.0,15525.0,54413.0,29508.0,24906.0,1847617.0,,,,,
India,"Financial Year (Apr - Mar), 2006","February, 2007", 2-Feb-2007,1796115.0,43503.0,1752612.0,78951.0,6527.0,17530.0,2140.0,15389.0,54895.0,29529.0,25366.0,1831564.0,,,,,
India,"Financial Year (Apr - Mar), 2006","March, 2007", 16-Mar-2007,1866956.0,45838.0,1821118.0,79899.0,6811.0,17500.0,2187.0,15314.0,55588.0,29296.0,26291.0,1901017.0,,,,,
India,"Financial Year (Apr - Mar), 2006","March, 2007", 2-Mar-2007,1846403.0,44990.0,1801413.0,79445.0,6717.0,17473.0,2134.0,15339.0,55255.0,29340.0,25915.0,1880858.0,,,,,
India,"Financial Year (Apr - Mar), 2006","March, 2007", 30-Mar-2007,1923192.0,46521.0,1876672.0,79663.0,7946.0,17691.0,2210.0,15480.0,54026.0,28085.0,25941.0,1956335.0,,,,,
India,"Financial Year (Apr - Mar), 2007","April, 2007", 13-Apr-2007,1906128.0,46354.0,1859774.0,81071.0,7997.0,18390.0,2059.0,16332.0,54683.0,27278.0,27405.0,1940845.0,,,,,
India,"Financial Year (Apr - Mar), 2007","April, 2007", 27-Apr-2007,1889557.0,49887.0,1839671.0,77776.0,7027.0,18021.0,1972.0,16049.0,52728.0,26661.0,26067.0,1917447.0,,,,,
India,"Financial Year (Apr - Mar), 2007","May, 2007", 11-May-2007,1891061.0,47404.0,1843657.0,76931.0,6869.0,18574.0,2177.0,16398.0,51488.0,25555.0,25933.0,1920588.0,,,,,
India,"Financial Year (Apr - Mar), 2007","May, 2007", 25-May-2007,1886520.0,44864.0,1841656.0,76119.0,7079.0,19048.0,1903.0,17145.0,49992.0,24848.0,25145.0,1917776.0,,,,,
India,"Financial Year (Apr - Mar), 2007","June, 2007", 22-Jun-2007,1895801.0,43956.0,1851845.0,76305.0,6446.0,19258.0,2007.0,17251.0,50601.0,24333.0,26268.0,1928150.0,,,,,
India,"Financial Year (Apr - Mar), 2007","June, 2007", 8-Jun-2007,1893616.0,43442.0,1850174.0,77807.0,7091.0,19328.0,1960.0,17368.0,51388.0,24891.0,26498.0,1927981.0,,,,,
India,"Financial Year (Apr - Mar), 2007","July, 2007", 20-Jul-2007,1914456.0,41296.0,1873160.0,76877.0,5829.0,21435.0,1973.0,19461.0,49613.0,23658.0,25955.0,1950037.0,,,,,
India,"Financial Year (Apr - Mar), 2007","July, 2007", 6-Jul-2007,1914527.0,44228.0,1870299.0,79249.0,7039.0,21474.0,2035.0,19439.0,50736.0,24704.0,26032.0,1949547.0,,,,,
India,"Financial Year (Apr - Mar), 2007","August, 2007", 17-Aug-2007,1938045.0,38359.0,1899686.0,75046.0,5330.0,20907.0,2110.0,18797.0,48809.0,23913.0,24896.0,1974732.0,,,,,
India,"Financial Year (Apr - Mar), 2007","August, 2007", 3-Aug-2007,1930103.0,41322.0,1888781.0,75554.0,5372.0,20539.0,2068.0,18471.0,49643.0,24085.0,25558.0,1964335.0,,,,,
India,"Financial Year (Apr - Mar), 2007","August, 2007", 31-Aug-2007,1960072.0,38490.0,1921582.0,75011.0,5152.0,20811.0,2099.0,18712.0,49048.0,23780.0,25268.0,1996593.0,,,,,
India,"Financial Year (Apr - Mar), 2007","September, 2007", 14-Sep-2007,1983821.0,38170.0,1945650.0,75349.0,5898.0,20536.0,2084.0,18452.0,48916.0,24302.0,24614.0,2020999.0,,,,,
India,"Financial Year (Apr - Mar), 2007","September, 2007", 28-Sep-2007,2025398.0,37008.0,1988390.0,76344.0,6970.0,20600.0,1984.0,18616.0,48774.0,24315.0,24459.0,2064734.0,,,,,
India,"Financial Year (Apr - Mar), 2007","October, 2007", 12-Oct-2007,2019175.0,37019.0,1982156.0,76464.0,6582.0,20350.0,1985.0,18364.0,49533.0,24867.0,24666.0,2058620.0,,,,,
India,"Financial Year (Apr - Mar), 2007","October, 2007", 26-Oct-2007,2025879.0,35866.0,1990012.0,77734.0,6754.0,20581.0,2011.0,18570.0,50399.0,25061.0,25338.0,2067746.0,,,,,
India,"Financial Year (Apr - Mar), 2007","November, 2007", 23-Nov-2007,2074893.0,37697.0,2037196.0,82566.0,9758.0,21643.0,2241.0,19402.0,51165.0,25609.0,25556.0,2119762.0,,,,,
India,"Financial Year (Apr - Mar), 2007","November, 2007", 9-Nov-2007,2064180.0,36721.0,2027459.0,79760.0,7284.0,20904.0,1988.0,18916.0,51572.0,25630.0,25942.0,2107219.0,,,,,
India,"Financial Year (Apr - Mar), 2007","December, 2007", 21-Dec-2007,2121765.0,40268.0,2081498.0,83604.0,7923.0,23652.0,2429.0,21223.0,52028.0,25755.0,26274.0,2165101.0,,,,,
India,"Financial Year (Apr - Mar), 2007","December, 2007", 7-Dec-2007,2091400.0,39209.0,2052191.0,81603.0,8807.0,21654.0,2263.0,19391.0,51143.0,25242.0,25901.0,2133794.0,,,,,
India,"Financial Year (Apr - Mar), 2007","January, 2008", 18-Jan-2008,2166847.0,39183.0,2127664.0,90148.0,11881.0,25358.0,2615.0,22744.0,52910.0,26170.0,26740.0,2217812.0,,,,,
India,"Financial Year (Apr - Mar), 2007","January, 2008", 4-Jan-2008,2146518.0,41283.0,2105235.0,88073.0,8815.0,26789.0,2429.0,24360.0,52469.0,25714.0,26755.0,2193308.0,,,,,
India,"Financial Year (Apr - Mar), 2007","February, 2008", 1-Feb-2008,2207312.0,41192.0,2166120.0,94013.0,12797.0,26747.0,2964.0,23783.0,54468.0,27013.0,27456.0,2260133.0,,,,,
India,"Financial Year (Apr - Mar), 2007","February, 2008", 15-Feb-2008,2209732.0,42818.0,2166913.0,94512.0,13237.0,27338.0,3250.0,24088.0,53936.0,27321.0,26616.0,2261425.0,,,,,
India,"Financial Year (Apr - Mar), 2007","February, 2008", 29-Feb-2008,2251213.0,44311.0,2206902.0,93534.0,12680.0,27026.0,3091.0,23936.0,53828.0,27548.0,26280.0,2300436.0,,,,,
India,"Financial Year (Apr - Mar), 2007","March, 2008", 14-Mar-2008,2272603.0,43505.0,2229098.0,93293.0,12371.0,26748.0,3008.0,23740.0,54174.0,27070.0,27104.0,2322391.0,,,,,
India,"Financial Year (Apr - Mar), 2007","March, 2008", 28-Mar-2008,2348493.0,44399.0,2304094.0,95375.0,13054.0,26399.0,3022.0,23376.0,55923.0,27482.0,28442.0,2399470.0,,,,,
India,"Financial Year (Apr - Mar), 2008","April, 2008", 11-Apr-2008,2341030.0,39129.0,2301900.0,93276.0,11991.0,26983.0,3264.0,23720.0,54301.0,26424.0,27877.0,2395176.0,,,,,
India,"Financial Year (Apr - Mar), 2008","April, 2008", 25-Apr-2008,2329066.0,41024.0,2288042.0,90865.0,10843.0,27086.0,3466.0,23619.0,52936.0,25775.0,27161.0,2378907.0,46965.0,26741.0,27537.0,,
India,"Financial Year (Apr - Mar), 2008","May, 2008", 09-May-2008,2346656.0,50042.0,2296614.0,89466.0,10928.0,26992.0,3714.0,23278.0,51546.0,25077.0,26469.0,2386080.0,59700.0,26551.0,26867.0,,
India,"Financial Year (Apr - Mar), 2008","May, 2008", 23-May-2008,2364417.0,54343.0,2310074.0,91076.0,10896.0,27714.0,3778.0,23936.0,52466.0,25522.0,26944.0,2401150.0,50868.0,25828.0,23703.0,,
India,"Financial Year (Apr - Mar), 2008","June, 2008", 20-Jun-2008,2392447.0,50147.0,2342301.0,91986.0,11805.0,27852.0,3775.0,24077.0,52329.0,25426.0,26903.0,2434287.0,36363.0,26753.0,24788.0,,
India,"Financial Year (Apr - Mar), 2008","June, 2008", 6-Jun-2008,2380418.0,49237.0,2331180.0,90856.0,11072.0,27714.0,3899.0,23815.0,52070.0,25276.0,26794.0,2422036.0,46901.0,26410.0,25327.0,,
India,"Financial Year (Apr - Mar), 2008","July, 2008", 18-Jul-2008,2407860.0,50360.0,2357500.0,87977.0,9870.0,27007.0,3502.0,23505.0,51100.0,24211.0,26889.0,2445477.0,23017.0,25464.0,23645.0,,
India,"Financial Year (Apr - Mar), 2008","July, 2008", 4-Jul-2008,2408579.0,50721.0,2357859.0,88380.0,10070.0,26523.0,3548.0,22975.0,51787.0,24604.0,27184.0,2446239.0,32503.0,26196.0,24188.0,,
India,"Financial Year (Apr - Mar), 2008","August, 2008", 1-Aug-2008,2427592.0,44348.0,2383243.0,88586.0,10859.0,26680.0,3453.0,23227.0,51046.0,23933.0,27113.0,2471829.0,24724.0,25007.0,25063.0,,
India,"Financial Year (Apr - Mar), 2008","August, 2008", 15-Aug-2008,2440078.0,44053.0,2396025.0,89314.0,11324.0,27387.0,3430.0,23957.0,50603.0,23277.0,27326.0,2485339.0,21008.0,24982.0,24346.0,,
India,"Financial Year (Apr - Mar), 2008","August, 2008", 29-Aug-2008,2458334.0,44343.0,2413991.0,89787.0,11410.0,27384.0,3494.0,23890.0,50993.0,24015.0,26978.0,2503777.0,22366.0,24561.0,26367.0,,
India,"Financial Year (Apr - Mar), 2008","September, 2008", 12-Sep-2008,2491248.0,45190.0,2446058.0,92914.0,12405.0,27691.0,3482.0,24209.0,52818.0,24977.0,27841.0,2538971.0,21697.0,23391.0,27014.0,,
India,"Financial Year (Apr - Mar), 2008","September, 2008", 26-Sep-2008,2542467.0,45175.0,2497292.0,94762.0,11500.0,27597.0,3412.0,24185.0,55666.0,26841.0,28824.0,2592054.0,10759.0,24228.0,24520.0,,
India,"Financial Year (Apr - Mar), 2008","October, 2008", 10-Oct-2008,2607404.0,48895.0,2558509.0,91120.0,10610.0,27769.0,3405.0,24364.0,52741.0,23661.0,29080.0,2649630.0,9124.0,23712.0,23925.0,,
India,"Financial Year (Apr - Mar), 2008","October, 2008", 24-Oct-2008,2615041.0,48255.0,2566787.0,95158.0,15517.0,27950.0,3427.0,24523.0,51690.0,23158.0,28533.0,2661945.0,13630.0,22916.0,26215.0,,
India,"Financial Year (Apr - Mar), 2008","November, 2008", 21-Nov-2008,2632700.0,49391.0,2583309.0,96443.0,15612.0,28351.0,3414.0,24937.0,52481.0,23881.0,28600.0,2679753.0,27951.0,23399.0,29159.0,,
India,"Financial Year (Apr - Mar), 2008","November, 2008", 7-Nov-2008,2634893.0,51574.0,2583319.0,98170.0,16644.0,28280.0,3397.0,24882.0,53246.0,23827.0,29418.0,2681488.0,16659.0,22964.0,26577.0,,
India,"Financial Year (Apr - Mar), 2008","December, 2008", 19-Dec-2008,2644528.0,52110.0,2592418.0,100309.0,17944.0,28590.0,3450.0,25140.0,53775.0,23363.0,30412.0,2692727.0,31920.0,22906.0,29395.0,,
India,"Financial Year (Apr - Mar), 2008","December, 2008", 5-Dec-2008,2642109.0,51240.0,2590869.0,97074.0,16275.0,28380.0,3418.0,24963.0,52419.0,22809.0,29609.0,2687943.0,34237.0,23201.0,29614.0,,
India,"Financial Year (Apr - Mar), 2008","January, 2009", 16-Jan-2009,2645160.0,49695.0,2595465.0,105138.0,18771.0,28026.0,2983.0,25042.0,58341.0,24552.0,33789.0,2700603.0,55033.0,25242.0,30323.0,,
India,"Financial Year (Apr - Mar), 2008","January, 2009", 2-Jan-2009,2658997.0,54618.0,2604379.0,101885.0,18051.0,28492.0,3348.0,25144.0,55342.0,24145.0,31197.0,2706264.0,44955.0,24492.0,26835.0,,
India,"Financial Year (Apr - Mar), 2008","January, 2009", 30-Jan-2009,2636338.0,45521.0,2590817.0,104229.0,17017.0,27980.0,2926.0,25055.0,59231.0,24983.0,34248.0,2695046.0,68810.0,26820.0,29814.0,,
India,"Financial Year (Apr - Mar), 2008","February, 2009", 13-Feb-2009,2646783.0,47068.0,2599715.0,103938.0,17623.0,28141.0,2768.0,25373.0,58174.0,24355.0,33819.0,2703653.0,82299.0,29568.0,29722.0,,
India,"Financial Year (Apr - Mar), 2008","February, 2009", 27-Feb-2009,2668090.0,48430.0,2619660.0,103147.0,15693.0,28438.0,3191.0,25247.0,59016.0,25526.0,33490.0,2722807.0,90109.0,29452.0,29744.0,,
India,"Financial Year (Apr - Mar), 2008","March, 2009", 13-Mar-2009,2690513.0,47902.0,2642611.0,100759.0,15171.0,28267.0,2777.0,25490.0,57321.0,23776.0,33545.0,2743370.0,83964.0,29822.0,29877.0,,
India,"Financial Year (Apr - Mar), 2008","March, 2009", 27-Mar-2009,2770012.0,46211.0,2723801.0,104121.0,19260.0,27886.0,2775.0,25111.0,56975.0,24009.0,32966.0,2827922.0,45134.0,31055.0,31236.0,,
India,"Financial Year (Apr - Mar), 2009","April, 2009", 10-Apr-2009,2771441.0,46750.0,2724691.0,103807.0,19735.0,27856.0,2753.0,25102.0,56216.0,22653.0,33564.0,2828499.0,85557.0,30775.0,28349.0,,
India,"Financial Year (Apr - Mar), 2009","April, 2009", 24-Apr-2009,2746175.0,48976.0,2697199.0,101263.0,17422.0,27774.0,2730.0,25044.0,56067.0,22430.0,33637.0,2798461.0,102067.0,28287.0,30282.0,,
India,"Financial Year (Apr - Mar), 2009","May, 2009", 08-May-2009,2752056.0,55218.0,2696839.0,97667.0,15101.0,27602.0,2735.0,24867.0,54964.0,22379.0,32584.0,2794505.0,117147.0,28380.0,30705.0,,
India,"Financial Year (Apr - Mar), 2009","May, 2009", 22-May-2009,2735750.0,57483.0,2678268.0,98923.0,16453.0,27331.0,2644.0,24687.0,55139.0,21210.0,33929.0,2777190.0,120682.0,27085.0,29675.0,,
India,"Financial Year (Apr - Mar), 2009","June, 2009", 19-Jun-2009,2770216.0,60661.0,2709554.0,98283.0,15621.0,26937.0,2554.0,24384.0,55724.0,20871.0,34853.0,2807837.0,122547.0,26056.0,28498.0,,
India,"Financial Year (Apr - Mar), 2009","June, 2009", 5-Jun-2009,2757210.0,59108.0,2698102.0,98862.0,16491.0,27108.0,2470.0,24638.0,55263.0,21010.0,34252.0,2796964.0,122297.0,27126.0,29523.0,,
India,"Financial Year (Apr - Mar), 2009","July, 2009", 17-Jul-2009,2777562.0,48148.0,2729413.0,97261.0,14800.0,27028.0,2460.0,24569.0,55432.0,20876.0,34557.0,2826674.0,129998.0,25656.0,32052.0,,
India,"Financial Year (Apr - Mar), 2009","July, 2009", 3-Jul-2009,2798747.0,57674.0,2741073.0,98735.0,15405.0,26951.0,2475.0,24476.0,56379.0,20967.0,35412.0,2839809.0,89472.0,26079.0,30669.0,,
India,"Financial Year (Apr - Mar), 2009","July, 2009", 31-Jul-2009,2807033.0,48891.0,2758142.0,97057.0,14413.0,26767.0,2354.0,24412.0,55877.0,20770.0,35107.0,2855198.0,139619.0,25120.0,31722.0,,
India,"Financial Year (Apr - Mar), 2009","August, 2009", 14-Aug-2009,2801970.0,48870.0,2753100.0,95170.0,13296.0,26870.0,2104.0,24766.0,55004.0,20532.0,34472.0,2848270.0,156910.0,27279.0,31279.0,,
India,"Financial Year (Apr - Mar), 2009","August, 2009", 28-Aug-2009,2807583.0,49111.0,2758471.0,97195.0,13147.0,27178.0,2221.0,24956.0,56871.0,20163.0,36707.0,2855667.0,151136.0,27169.0,30690.0,,
India,"Financial Year (Apr - Mar), 2009","September, 2009", 11-Sep-2009,2825957.0,47772.0,2778185.0,96129.0,12665.0,27093.0,2342.0,24751.0,56371.0,21196.0,35175.0,2874315.0,156573.0,25850.0,32221.0,,
India,"Financial Year (Apr - Mar), 2009","September, 2009", 25-Sep-2009,2873155.0,42418.0,2830737.0,97429.0,14776.0,26882.0,2243.0,24640.0,55771.0,20611.0,35161.0,2928167.0,66687.0,26148.0,34650.0,,
India,"Financial Year (Apr - Mar), 2009","October, 2009", 23-Oct-2009,2868566.0,36013.0,2832553.0,93231.0,11175.0,26264.0,2541.0,23724.0,55791.0,20818.0,34974.0,2925784.0,154222.0,26619.0,31341.0,,
India,"Financial Year (Apr - Mar), 2009","October, 2009", 9-Oct-2009,2890316.0,42721.0,2847595.0,94378.0,12062.0,30289.0,2213.0,28076.0,52027.0,20069.0,31958.0,2941973.0,128772.0,26774.0,32581.0,,
India,"Financial Year (Apr - Mar), 2009","November, 2009", 20-Nov-2009,2898770.0,41852.0,2856918.0,93312.0,10798.0,26454.0,2708.0,23746.0,56060.0,20377.0,35683.0,2950230.0,164656.0,27468.0,31703.0,,
India,"Financial Year (Apr - Mar), 2009","November, 2009", 6-Nov-2009,2891713.0,42113.0,2849600.0,92778.0,11008.0,26565.0,2656.0,23908.0,55205.0,20346.0,34859.0,2942378.0,160483.0,26148.0,31552.0,,
India,"Financial Year (Apr - Mar), 2009","December, 2009", 18-Dec-2009,2941293.0,45037.0,2896256.0,99006.0,12611.0,28048.0,2701.0,25347.0,58347.0,21863.0,36485.0,2995262.0,147279.0,28055.0,30046.0,,
India,"Financial Year (Apr - Mar), 2009","December, 2009", 4-Dec-2009,2919700.0,44564.0,2875136.0,96341.0,11071.0,27029.0,2708.0,24321.0,58241.0,21889.0,36352.0,2971478.0,169236.0,26367.0,31040.0,,
India,"Financial Year (Apr - Mar), 2009","January, 2010", 1-Jan-2010,3020808.0,46359.0,2974448.0,105620.0,18078.0,28281.0,2780.0,25502.0,59261.0,22326.0,36935.0,3080068.0,42428.0,28939.0,30081.0,,
India,"Financial Year (Apr - Mar), 2009","January, 2010", 15-Jan-2010,3008909.0,42534.0,2966375.0,98762.0,14030.0,27965.0,2699.0,25266.0,56767.0,20228.0,36539.0,3065137.0,103087.0,27418.0,29571.0,,
India,"Financial Year (Apr - Mar), 2009","January, 2010", 29-Jan-2010,3029079.0,43915.0,2985164.0,101338.0,15473.0,28399.0,3001.0,25398.0,57467.0,20238.0,37229.0,3086502.0,107391.0,28291.0,30184.0,,
India,"Financial Year (Apr - Mar), 2009","February, 2010", 12-Feb-2010,3051676.0,44527.0,3007149.0,102496.0,15623.0,28948.0,3053.0,25896.0,57924.0,18832.0,39093.0,3109645.0,120512.0,27937.0,29234.0,,
India,"Financial Year (Apr - Mar), 2009","February, 2010", 26-Feb-2010,3089323.0,47891.0,3041432.0,105692.0,16375.0,30313.0,4143.0,26170.0,59004.0,20558.0,38446.0,3147123.0,109453.0,29406.0,29943.0,,
India,"Financial Year (Apr - Mar), 2009","March, 2010", 12-Mar-2010,3124850.0,49402.0,3075448.0,111820.0,21668.0,29857.0,4093.0,25764.0,60295.0,20380.0,39915.0,3187268.0,108516.0,31316.0,31830.0,,
India,"Financial Year (Apr - Mar), 2009","March, 2010", 26-Mar-2010,3240399.0,48489.0,3191909.0,116021.0,24874.0,30115.0,4624.0,25491.0,61032.0,21031.0,40001.0,3307930.0,55502.0,31258.0,31246.0,,
India,"Financial Year (Apr - Mar), 2010","April, 2010", 23-Apr-2010,3214742.0,47979.0,3166763.0,106568.0,16650.0,33224.0,5338.0,27886.0,56693.0,19454.0,37240.0,3273331.0,106285.0,27777.0,31446.0,,
India,"Financial Year (Apr - Mar), 2010","April, 2010", 9-Apr-2010,3241225.0,48149.0,3193076.0,108715.0,19133.0,32436.0,5317.0,27119.0,57146.0,20065.0,37081.0,3301791.0,105519.0,29497.0,32100.0,,
India,"Financial Year (Apr - Mar), 2010","May, 2010", 21-May-2010,3230178.0,49403.0,3180776.0,112580.0,16446.0,34306.0,7111.0,27195.0,61828.0,19885.0,41943.0,3293355.0,110157.0,24501.0,34383.0,,
India,"Financial Year (Apr - Mar), 2010","May, 2010", 7-May-2010,3227771.0,52627.0,3175144.0,106305.0,15004.0,33276.0,7139.0,26137.0,58025.0,20866.0,37159.0,3281450.0,111956.0,24766.0,33533.0,,
India,"Financial Year (Apr - Mar), 2010","June, 2010", 18-Jun-2010,3310417.0,52970.0,3257447.0,125213.0,26687.0,33896.0,6976.0,26920.0,64630.0,20141.0,44489.0,3382660.0,35749.0,25898.0,40901.0,,
India,"Financial Year (Apr - Mar), 2010","June, 2010", 4-Jun-2010,3288074.0,52149.0,3235925.0,122489.0,26414.0,34253.0,7118.0,27135.0,61821.0,19799.0,42022.0,3358415.0,50563.0,25033.0,38630.0,,
India,"Financial Year (Apr - Mar), 2010","July, 2010", 16-Jul-2010,3363477.0,45404.0,3318072.0,128518.0,27168.0,34331.0,6973.0,27358.0,67018.0,21176.0,45842.0,3446590.0,26051.0,27399.0,32825.0,,
India,"Financial Year (Apr - Mar), 2010","July, 2010", 2-Jul-2010,3402390.0,54450.0,3347939.0,126639.0,27081.0,33646.0,6773.0,26874.0,65911.0,19887.0,46024.0,3474578.0,19106.0,26013.0,37334.0,,
India,"Financial Year (Apr - Mar), 2010","July, 2010", 30-Jul-2010,3357265.0,51427.0,3305839.0,133932.0,30735.0,34332.0,7000.0,27332.0,68866.0,21114.0,47752.0,3439771.0,35779.0,25436.0,33680.0,,
India,"Financial Year (Apr - Mar), 2010","August, 2010", 13-Aug-2010,3364511.0,46928.0,3317583.0,138986.0,34645.0,34636.0,7163.0,27474.0,69704.0,20972.0,48732.0,3456569.0,42454.0,25214.0,34559.0,,
India,"Financial Year (Apr - Mar), 2010","August, 2010", 27-Aug-2010,3351396.0,47285.0,3304111.0,143493.0,37863.0,34673.0,7195.0,27478.0,70957.0,21177.0,49780.0,3447604.0,59984.0,26068.0,39308.0,,
India,"Financial Year (Apr - Mar), 2010","September, 2010", 10-Sep-2010,3382928.0,51118.0,3331810.0,144786.0,39698.0,34633.0,7194.0,27439.0,70454.0,21054.0,49400.0,3476595.0,81767.0,26620.0,38875.0,,
India,"Financial Year (Apr - Mar), 2010","September, 2010", 24-Sep-2010,3422291.0,50232.0,3372059.0,148402.0,43818.0,34098.0,7070.0,27029.0,70486.0,20153.0,50332.0,3520461.0,33534.0,26725.0,35178.0,,
India,"Financial Year (Apr - Mar), 2010","October, 2010", 22-Oct-2010,3476133.0,47215.0,3428918.0,148629.0,40711.0,34239.0,7086.0,27153.0,73679.0,23123.0,50557.0,3577547.0,49963.0,27417.0,37798.0,,
India,"Financial Year (Apr - Mar), 2010","October, 2010", 8-Oct-2010,3468999.0,49754.0,3419245.0,148634.0,42434.0,33812.0,6839.0,26973.0,72388.0,20263.0,52125.0,3567879.0,57872.0,27350.0,31497.0,,
India,"Financial Year (Apr - Mar), 2010","November, 2010", 19-Nov-2010,3558060.0,58008.0,3500053.0,150695.0,40717.0,34879.0,7693.0,27186.0,75099.0,21909.0,53190.0,3650747.0,45530.0,27074.0,29316.0,,
India,"Financial Year (Apr - Mar), 2010","November, 2010", 5-Nov-2010,3530790.0,53749.0,3477042.0,150846.0,39327.0,35079.0,7480.0,27600.0,76440.0,22927.0,53513.0,3627888.0,28755.0,26874.0,31977.0,,
India,"Financial Year (Apr - Mar), 2010","December, 2010", 17-Dec-2010,3639866.0,62521.0,3577345.0,144201.0,32688.0,35464.0,8225.0,27239.0,76049.0,21566.0,54483.0,3721547.0,24516.0,27605.0,31300.0,,
India,"Financial Year (Apr - Mar), 2010","December, 2010", 3-Dec-2010,3594559.0,61488.0,3533072.0,146408.0,35394.0,35434.0,8089.0,27345.0,75581.0,21737.0,53844.0,3679480.0,39289.0,27027.0,31443.0,,
India,"Financial Year (Apr - Mar), 2010","December, 2010", 31-Dec-2010,3763213.0,65948.0,3697265.0,153498.0,35564.0,35509.0,8269.0,27240.0,82424.0,24052.0,58372.0,3850763.0,13483.0,29612.0,33889.0,,
India,"Financial Year (Apr - Mar), 2010","January, 2011", 14-Jan-2011,3719885.0,63953.0,3655933.0,146819.0,29451.0,36303.0,8466.0,27836.0,81065.0,23281.0,57785.0,3802752.0,70999.0,29450.0,31081.0,,
India,"Financial Year (Apr - Mar), 2010","January, 2011", 28-Jan-2011,3735233.0,61182.0,3674052.0,148018.0,29675.0,36601.0,8462.0,28139.0,81742.0,23213.0,58529.0,3822069.0,75529.0,29486.0,29812.0,,
India,"Financial Year (Apr - Mar), 2010","February, 2011", 11-Feb-2011,3784570.0,64002.0,3720568.0,154473.0,31814.0,36911.0,8426.0,28485.0,85748.0,23753.0,61994.0,3875040.0,95018.0,28805.0,29802.0,,
India,"Financial Year (Apr - Mar), 2010","February, 2011", 25-Feb-2011,3810445.0,65292.0,3745153.0,157543.0,33766.0,36997.0,8435.0,28563.0,86780.0,24063.0,62717.0,3902697.0,85717.0,29602.0,33433.0,,
India,"Financial Year (Apr - Mar), 2010","March, 2011", 11-Mar-2011,3856066.0,66073.0,3789994.0,138379.0,13442.0,37061.0,8385.0,28676.0,87876.0,24667.0,63209.0,3928372.0,105650.0,28740.0,39442.0,,
India,"Financial Year (Apr - Mar), 2010","March, 2011", 25-Mar-2011,3938659.0,64283.0,3874376.0,146942.0,12624.0,41352.0,8981.0,32371.0,92967.0,26858.0,66109.0,4021319.0,47638.0,31385.0,44403.0,,
India,"Financial Year (Apr - Mar), 2011","April, 2011", 22-Apr-2011,3919000.0,43628.0,3875372.0,136594.0,9757.0,38213.0,8300.0,29914.0,88624.0,25022.0,63602.0,4011966.0,118144.0,30411.0,38746.0,,
India,"Financial Year (Apr - Mar), 2011","April, 2011", 8-Apr-2011,3956407.0,49927.0,3906480.0,139572.0,11369.0,38091.0,8345.0,29746.0,90111.0,23786.0,66325.0,4046052.0,111279.0,32244.0,41871.0,,
India,"Financial Year (Apr - Mar), 2011","May, 2011", 20-May-2011,3952114.0,66557.0,3885557.0,137628.0,10924.0,38308.0,8128.0,30180.0,88395.0,24203.0,64192.0,4023184.0,106233.0,28695.0,39634.0,,
India,"Financial Year (Apr - Mar), 2011","May, 2011", 6-May-2011,3957384.0,59026.0,3898359.0,136279.0,10323.0,38127.0,8102.0,30025.0,87830.0,23306.0,64524.0,4034638.0,120854.0,28149.0,39277.0,,
India,"Financial Year (Apr - Mar), 2011","June, 2011", 17-Jun-2011,4001521.0,77329.0,3924192.0,141909.0,12946.0,38414.0,8408.0,30006.0,90549.0,25020.0,65529.0,4066101.0,84034.0,31034.0,44528.0,,
India,"Financial Year (Apr - Mar), 2011","June, 2011", 3-Jun-2011,3980377.0,73938.0,3906439.0,143333.0,12379.0,38206.0,8230.0,29976.0,92748.0,26838.0,65910.0,4049772.0,93334.0,29071.0,43665.0,,
India,"Financial Year (Apr - Mar), 2011","July, 2011", 1-Jul-2011,4086326.0,79607.0,4006719.0,141861.0,13311.0,38224.0,8328.0,29897.0,90326.0,24942.0,65385.0,4148581.0,53984.0,29931.0,47347.0,,
India,"Financial Year (Apr - Mar), 2011","July, 2011", 15-Jul-2011,4014556.0,76440.0,3938116.0,140938.0,13925.0,38155.0,8252.0,29904.0,88858.0,23814.0,65044.0,4079054.0,74749.0,28619.0,43549.0,,
India,"Financial Year (Apr - Mar), 2011","July, 2011", 29-Jul-2011,4005366.0,70452.0,3934914.0,144249.0,13827.0,38500.0,8214.0,30286.0,91922.0,23902.0,68020.0,4079163.0,70532.0,29873.0,46054.0,,
India,"Financial Year (Apr - Mar), 2011","August, 2011", 12-Aug-2011,4048457.0,72448.0,3976009.0,147005.0,14763.0,38806.0,8225.0,30581.0,93435.0,24912.0,68523.0,4123014.0,76597.0,31174.0,50823.0,,
India,"Financial Year (Apr - Mar), 2011","August, 2011", 26-Aug-2011,4044862.0,73581.0,3971280.0,150656.0,15977.0,38870.0,8227.0,30643.0,95810.0,25193.0,70616.0,4121937.0,69619.0,30569.0,53471.0,,
India,"Financial Year (Apr - Mar), 2011","September, 2011", 23-Sep-2011,4093155.0,68245.0,4024910.0,158786.0,18866.0,38791.0,8274.0,30516.0,101130.0,28200.0,72930.0,4183695.0,65797.0,32010.0,44543.0,,
India,"Financial Year (Apr - Mar), 2011","September, 2011", 9-Sep-2011,4074295.0,73416.0,4000879.0,157096.0,17301.0,38857.0,8282.0,30574.0,100938.0,28543.0,72394.0,4157975.0,72988.0,29516.0,50292.0,,
India,"Financial Year (Apr - Mar), 2011","October, 2011", 21-Oct-2011,4150520.0,68922.0,4081598.0,169903.0,22447.0,38751.0,8238.0,30513.0,108705.0,34729.0,73976.0,4251501.0,63936.0,34681.0,41364.0,,
India,"Financial Year (Apr - Mar), 2011","October, 2011", 7-Oct-2011,4148598.0,63315.0,4085282.0,169275.0,21244.0,38941.0,8377.0,30564.0,109089.0,35013.0,74077.0,4254557.0,61806.0,32326.0,45668.0,,
India,"Financial Year (Apr - Mar), 2011","November, 2011", 18-Nov-2011,4189044.0,78713.0,4110331.0,170648.0,21833.0,38298.0,8059.0,30238.0,110517.0,35812.0,74705.0,4280979.0,65375.0,32518.0,40474.0,,
India,"Financial Year (Apr - Mar), 2011","November, 2011", 4-Nov-2011,4180474.0,77464.0,4103011.0,170559.0,22943.0,38794.0,8288.0,30507.0,108822.0,34983.0,73839.0,4273570.0,66813.0,33847.0,42524.0,,
India,"Financial Year (Apr - Mar), 2011","December, 2011", 16-Dec-2011,4266980.0,82910.0,4184080.0,173700.0,26840.0,37210.0,7670.0,29540.0,109640.0,33090.0,76560.0,4357780.0,49300.0,36010.0,40530.0,,
India,"Financial Year (Apr - Mar), 2011","December, 2011", 2-Dec-2011,4235421.0,81844.0,4153577.0,173319.0,24978.0,37773.0,7768.0,30005.0,110568.0,35211.0,75357.0,4326896.0,55383.0,34456.0,42510.0,,
India,"Financial Year (Apr - Mar), 2011","December, 2011", 30-Dec-2011,4365640.0,84550.0,4281100.0,169620.0,21370.0,36940.0,7500.0,29440.0,111300.0,33550.0,77750.0,4450710.0,27000.0,37020.0,38540.0,,
India,"Financial Year (Apr - Mar), 2011","January, 2012", 13-Jan-2012,4354480.0,86390.0,4268080.0,173490.0,26800.0,37320.0,7420.0,29900.0,109370.0,31030.0,78340.0,4441570.0,34450.0,37060.0,34850.0,,
India,"Financial Year (Apr - Mar), 2011","January, 2012", 27-Jan-2012,4351330.0,83090.0,4268240.0,171210.0,26470.0,37200.0,7270.0,29940.0,107540.0,32370.0,75170.0,4439450.0,37930.0,39450.0,35840.0,,
India,"Financial Year (Apr - Mar), 2011","February, 2012", 10-Feb-2012,4382390.0,81580.0,4300810.0,166870.0,26090.0,37000.0,7050.0,29940.0,103790.0,32730.0,71060.0,4467680.0,39290.0,40040.0,38240.0,,
India,"Financial Year (Apr - Mar), 2011","February, 2012", 24-Feb-2012,4407520.0,83210.0,4324310.0,175280.0,30120.0,36750.0,6900.0,29860.0,108410.0,36020.0,72390.0,4499590.0,33620.0,41660.0,38540.0,,
India,"Financial Year (Apr - Mar), 2011","March, 2012", 23-Mar-2012,4611630.0,81300.0,4530330.0,171520.0,19560.0,37300.0,7200.0,30100.0,114650.0,40660.0,73990.0,4701840.0,24940.0,38010.0,35010.0,,
India,"Financial Year (Apr - Mar), 2011","March, 2012", 9-Mar-2012,4486680.0,83840.0,4402840.0,171650.0,21060.0,37070.0,7180.0,29890.0,113530.0,42880.0,70650.0,4574500.0,36390.0,38570.0,36400.0,,
India,"Financial Year (Apr - Mar), 2012","April, 2012", 20-Apr-2012,4617680.0,81640.0,4536040.0,167170.0,18240.0,31260.0,7430.0,23820.0,117670.0,41310.0,76350.0,4703210.0,36590.0,37140.0,36760.0,,
India,"Financial Year (Apr - Mar), 2012","April, 2012", 6-Apr-2012,4693570.0,79790.0,4613780.0,168810.0,15890.0,37640.0,7620.0,30020.0,115290.0,38820.0,76470.0,4782590.0,28290.0,37760.0,38760.0,,
India,"Financial Year (Apr - Mar), 2012","May, 2012", 18-May-2012,4648080.0,105210.0,4542870.0,184910.0,23360.0,38390.0,7590.0,30800.0,123160.0,42450.0,80720.0,4727780.0,46130.0,38190.0,39610.0,,
India,"Financial Year (Apr - Mar), 2012","May, 2012", 4-May-2012,4644070.0,98890.0,4545190.0,175800.0,20430.0,31450.0,7560.0,23890.0,123930.0,43560.0,80360.0,4720990.0,40740.0,37030.0,38360.0,,
India,"Financial Year (Apr - Mar), 2012","June, 2012", 1-Jun-2012,4712190.0,112050.0,4600140.0,187780.0,25690.0,38500.0,7610.0,30890.0,123590.0,42700.0,80890.0,4787920.0,46890.0,39670.0,38680.0,,
India,"Financial Year (Apr - Mar), 2012","June, 2012", 15-Jun-2012,4714660.0,105540.0,4609120.0,185340.0,25350.0,38770.0,7500.0,31270.0,121230.0,41170.0,80060.0,4794460.0,46430.0,40280.0,39290.0,,
India,"Financial Year (Apr - Mar), 2012","June, 2012", 29-Jun-2012,4760850.0,107520.0,4653330.0,180840.0,17790.0,39520.0,7520.0,32010.0,123530.0,42610.0,80920.0,4834170.0,21710.0,43770.0,40110.0,,
India,"Financial Year (Apr - Mar), 2012","July, 2012", 13-Jul-2012,4724440.0,102760.0,4621680.0,179510.0,18720.0,39650.0,7480.0,32170.0,121150.0,40090.0,81050.0,4801190.0,46860.0,40580.0,40560.0,,
India,"Financial Year (Apr - Mar), 2012","July, 2012", 27-Jul-2012,4702970.0,97790.0,4605180.0,183810.0,21550.0,39700.0,7480.0,32220.0,122570.0,39370.0,83210.0,4789000.0,48110.0,39150.0,42600.0,,
India,"Financial Year (Apr - Mar), 2012","August, 2012", 10-Aug-2012,4723460.0,99780.0,4623680.0,190890.0,26050.0,39890.0,7610.0,32280.0,124950.0,39780.0,85170.0,4814570.0,52980.0,39010.0,45330.0,,
India,"Financial Year (Apr - Mar), 2012","August, 2012", 24-Aug-2012,4721790.0,96800.0,4624990.0,192970.0,29330.0,37510.0,7660.0,29850.0,126140.0,39150.0,86980.0,4817960.0,51010.0,41710.0,44640.0,,
India,"Financial Year (Apr - Mar), 2012","September, 2012", 21-Sep-2012,4766490.0,92580.0,4673910.0,197690.0,35730.0,39460.0,7610.0,31840.0,122500.0,34070.0,88430.0,4871600.0,48470.0,36690.0,43530.0,,
India,"Financial Year (Apr - Mar), 2012","September, 2012", 7-Sep-2012,4749690.0,94700.0,4654990.0,198910.0,32880.0,39900.0,7700.0,32200.0,126140.0,38740.0,87400.0,4853900.0,77420.0,39610.0,48250.0,,
India,"Financial Year (Apr - Mar), 2012","October, 2012", 19-Oct-2012,4815940.0,95220.0,4720720.0,201780.0,37130.0,39460.0,7510.0,31950.0,125190.0,36210.0,88980.0,4922500.0,50000.0,38300.0,44720.0,,
India,"Financial Year (Apr - Mar), 2012","October, 2012", 5-Oct-2012,4809380.0,91780.0,4717600.0,198940.0,33810.0,39560.0,7550.0,32010.0,125570.0,36930.0,88640.0,4916550.0,51740.0,37900.0,42230.0,,
India,"Financial Year (Apr - Mar), 2012","November, 2012", 16-Nov-2012,4894520.0,108190.0,4786330.0,204460.0,37090.0,39240.0,7590.0,31650.0,128140.0,34660.0,93480.0,4990800.0,48380.0,36910.0,43530.0,,
India,"Financial Year (Apr - Mar), 2012","November, 2012", 2-Nov-2012,4859750.0,103940.0,4755810.0,206980.0,37490.0,39410.0,7570.0,31840.0,130070.0,36060.0,94020.0,4962790.0,50760.0,37620.0,44190.0,,
India,"Financial Year (Apr - Mar), 2012","November, 2012", 30-Nov-2012,4959060.0,107790.0,4851280.0,200180.0,32220.0,39750.0,7870.0,31870.0,128220.0,33960.0,94260.0,5051460.0,45430.0,37450.0,41280.0,,
India,"Financial Year (Apr - Mar), 2012","December, 2012", 14-Dec-2012,4962650.0,108680.0,4853960.0,199860.0,31520.0,39410.0,7900.0,31510.0,128920.0,34360.0,94570.0,5053820.0,47300.0,38580.0,39690.0,,
